-2048,ethical,1
-2047,corrupted,2
-2046,TRUE,3
-2045,resistance,4
-2044,restoring,5
-2043,participation,6
-2042,marginalized,7
-2041,dating,8
-2040,parking,9
-2039,room,10
-2038,layered,11
-2037,inserted,12
-2036,downloading,13
-2035,department,14
-2034,recall,15
-2033,insects,16
-2032,gene,17
-2031,pool,18
-2030,therapists,19
-2029,schools,20
-2028,overloaded,21
-2027,translates,22
-2026,particles,23
-2025,mounted,24
-2024,int,25
-2023,breaks,26
-2022,enhancement,27
-2021,discussion,28
-2020,zero,29
-2019,leave,30
-2018,books,31
-2017,looks,32
-2016,packaging,33
-2015,click,34
-2014,deduplication,35
-2013,inefficient,36
-2012,phenomena,37
-2011,replacement,38
-2010,appearance,39
-2009,actually,40
-2008,exploitation,41
-2007,pest,42
-2006,intersection,43
-2005,remaining,44
-2004,regulate,45
-2003,origin,46
-2002,refining,47
-2001,derived,48
-2000,contextual,49
-1999,rework,50
-1998,classrooms,51
-1997,cohesive,52
-1996,querying,53
-1995,overstated,54
-1994,verified,55
-1993,inconsistency,56
-1992,behave,57
-1991,sensitivity,58
-1990,denial,59
-1989,bottom,60
-1988,choices,61
-1987,actuators,62
-1986,consulting,63
-1985,hours,64
-1984,battery,65
-1983,column,66
-1982,soft,67
-1981,book,68
-1980,ranging,69
-1979,matrix,70
-1978,sure,71
-1977,soldiers,72
-1976,offline,73
-1975,destruction,74
-1974,containing,75
-1973,simplifying,76
-1972,panels,77
-1971,default,78
-1970,diagnostic,79
-1969,passed,80
-1968,vertices,81
-1967,budgets,82
-1966,stacks,83
-1965,missed,84
-1964,avoidance,85
-1963,filling,86
-1962,genetics,87
-1961,might,88
-1960,simply,89
-1959,aerospace,90
-1958,coordinated,91
-1957,spend,92
-1956,iris,93
-1955,visited,94
-1954,owners,95
-1953,loan,96
-1952,backing,97
-1951,close,98
-1950,majority,99
-1949,overhead,100
-1948,foremost,101
-1947,install,102
-1946,mindset,103
-1945,validated,104
-1944,budgets,105
-1943,victims,106
-1942,responsiveness,107
-1941,succeed,108
-1940,abnormal,109
-1939,humidity,110
-1938,lake,111
-1937,failover,112
-1936,attend,113
-1935,regarding,114
-1934,sufficient,115
-1933,letters,116
-1932,ambiguity,117
-1931,resolved,118
-1930,sought,119
-1929,bar,120
-1928,exponential,121
-1927,desktops,122
-1926,recommended,123
-1925,answer,124
-1924,customizable,125
-1923,athlete,126
-1922,reason,127
-1921,thanks,128
-1920,gas,129
-1919,calculate,130
-1918,priorities,131
-1917,liability,132
-1916,coherent,133
-1915,price,134
-1914,executable,135
-1913,reported,136
-1912,brings,137
-1911,again,138
-1910,budgeting,139
-1909,overcoming,140
-1908,inspection,141
-1907,moderation,142
-1906,headset,143
-1905,partition,144
-1904,sampling,145
-1903,initiatives,146
-1902,independence,147
-1901,replicating,148
-1900,queues,149
-1899,convolutional,150
-1898,responds,151
-1897,arithmetic,152
-1896,forums,153
-1895,limits,154
-1894,exponentially,155
-1893,moved,156
-1892,purchased,157
-1891,moves,158
-1890,contained,159
-1889,reverse,160
-1888,aiding,161
-1887,intensity,162
-1886,viewers,163
-1885,scratch,164
-1884,injection,165
-1883,interior,166
-1882,bringing,167
-1881,triggers,168
-1880,asynchronous,169
-1879,burden,170
-1878,emerge,171
-1877,competitions,172
-1876,asset,173
-1875,particle,174
-1874,aiding,175
-1873,combat,176
-1872,resistance,177
-1871,disrupting,178
-1870,resolutions,179
-1869,twitter,180
-1868,recovering,181
-1867,trades,182
-1866,staff,183
-1865,scenes,184
-1864,crimes,185
-1863,aerial,186
-1862,loops,187
-1861,posture,188
-1860,channel,189
-1859,note,190
-1858,cycles,191
-1857,robustness,192
-1856,lifestyle,193
-1855,readability,194
-1854,tracks,195
-1853,investigations,196
-1852,handler,197
-1851,illegal,198
-1850,concurrently,199
-1849,sectors,200
-1848,institution,201
-1847,apple,202
-1846,swapping,203
-1845,presentations,204
-1844,clothing,205
-1843,screens,206
-1842,click,207
-1841,lab,208
-1840,spam,209
-1839,mutual,210
-1838,fees,211
-1837,regarding,212
-1836,getting,213
-1835,wired,214
-1834,pedestrians,215
-1833,ultimate,216
-1832,sequences,217
-1831,animal,218
-1830,repudiation,219
-1829,battery,220
-1828,branches,221
-1827,stronger,222
-1826,era,223
-1825,vendors,224
-1824,customizable,225
-1823,hashing,226
-1822,worms,227
-1821,exact,228
-1820,literature,229
-1819,aircraft,230
-1818,applicants,231
-1817,beauty,232
-1816,copyright,233
-1815,family,234
-1814,gamification,235
-1813,endless,236
-1812,inclusion,237
-1811,contract,238
-1810,excellent,239
-1809,analog,240
-1808,isolated,241
-1807,reveal,242
-1806,weak,243
-1805,advice,244
-1804,notation,245
-1803,excess,246
-1802,scams,247
-1801,backed,248
-1800,seek,249
-1799,destinations,250
-1798,united,251
-1797,draw,252
-1796,earthquakes,253
-1795,emergencies,254
-1794,dangerous,255
-1793,bit,256
-1792,voters,257
-1791,burden,258
-1790,collects,259
-1789,simplified,260
-1788,addiction,261
-1787,edit,262
-1786,highest,263
-1785,merge,264
-1784,symbols,265
-1783,consist,266
-1782,altered,267
-1781,approved,268
-1780,unable,269
-1779,unpredictable,270
-1778,electricity,271
-1777,imputation,272
-1776,coherent,273
-1775,combat,274
-1774,scaled,275
-1773,middle,276
-1772,dna,277
-1771,producing,278
-1770,clouds,279
-1769,valued,280
-1768,lifelike,281
-1767,floods,282
-1766,contextual,283
-1765,footprint,284
-1764,architect,285
-1763,uncertainty,286
-1762,covered,287
-1761,periods,288
-1760,simplified,289
-1759,fingerprints,290
-1758,attractive,291
-1757,backing,292
-1756,supporting,293
-1755,vertices,294
-1754,encouraging,295
-1753,cautious,296
-1752,comfortable,297
-1751,close,298
-1750,influencers,299
-1749,great,300
-1748,malfunctions,301
-1747,biometrics,302
-1746,tokens,303
-1745,completely,304
-1744,noisy,305
-1743,member,306
-1742,anonymity,307
-1741,focusing,308
-1740,column,309
-1739,packaging,310
-1738,concurrent,311
-1737,kernel,312
-1736,fan,313
-1735,recognizing,314
-1734,visits,315
-1733,hashing,316
-1732,critically,317
-1731,readability,318
-1730,income,319
-1729,anxiety,320
-1728,excellent,321
-1727,overview,322
-1726,predicted,323
-1725,translations,324
-1724,robotic,325
-1723,resume,326
-1722,signature,327
-1721,releases,328
-1720,print,329
-1719,categorical,330
-1718,guides,331
-1717,varying,332
-1716,hackathons,333
-1715,abnormalities,334
-1714,cookies,335
-1713,hurricanes,336
-1712,particles,337
-1711,transmitting,338
-1710,hypervisor,339
-1709,intermediaries,340
-1708,claims,341
-1707,publishing,342
-1706,tolerant,343
-1705,show,344
-1704,peak,345
-1703,library,346
-1702,otherwise,347
-1701,translating,348
-1700,raising,349
-1699,abstract,350
-1698,plants,351
-1697,conversions,352
-1696,forums,353
-1695,scaled,354
-1694,worlds,355
-1693,adopt,356
-1692,aggregation,357
-1691,attend,358
-1690,graphic,359
-1689,elderly,360
-1688,diagrams,361
-1687,viewing,362
-1686,harassment,363
-1685,determined,364
-1684,fingerprints,365
-1683,stockouts,366
-1682,probability,367
-1681,deleting,368
-1680,pixels,369
-1679,vendors,370
-1678,everyday,371
-1677,investing,372
-1676,earlier,373
-1675,dimensionality,374
-1674,displayed,375
-1673,hate,376
-1672,overwhelming,377
-1671,character,378
-1670,font,379
-1669,beginning,380
-1668,mean,381
-1667,orientation,382
-1666,executes,383
-1665,domains,384
-1664,staff,385
-1663,tv,386
-1662,calculate,387
-1661,introduce,388
-1660,placed,389
-1659,authority,390
-1658,scores,391
-1657,ransomware,392
-1656,drugs,393
-1655,port,394
-1654,disrupting,395
-1653,multitasking,396
-1652,leaks,397
-1651,deadlocks,398
-1650,generally,399
-1649,compliant,400
-1648,robustness,401
-1647,stream,402
-1646,introducing,403
-1645,leverage,404
-1644,pointers,405
-1643,workloads,406
-1642,national,407
-1641,statement,408
-1640,foreign,409
-1639,enforcing,410
-1638,shapes,411
-1637,profitability,412
-1636,creators,413
-1635,certificates,414
-1634,isolation,415
-1633,equip,416
-1632,inconsistent,417
-1631,merging,418
-1630,granting,419
-1629,amazon,420
-1628,contributing,421
-1627,kept,422
-1626,experiments,423
-1625,positions,424
-1624,freedom,425
-1623,cryptographic,426
-1622,portfolio,427
-1621,frame,428
-1620,estate,429
-1619,sell,430
-1618,proven,431
-1617,stories,432
-1616,tactics,433
-1615,contexts,434
-1614,organisms,435
-1613,helpful,436
-1612,subproblems,437
-1611,children,438
-1610,infected,439
-1609,instant,440
-1608,force,441
-1607,proof,442
-1606,templates,443
-1605,harmful,444
-1604,engaged,445
-1603,installing,446
-1602,scripts,447
-1601,commit,448
-1600,crisis,449
-1599,blocking,450
-1598,eyes,451
-1597,timing,452
-1596,synthesis,453
-1595,assembly,454
-1594,assign,455
-1593,rigorous,456
-1592,android,457
-1591,trigger,458
-1590,consume,459
-1589,least,460
-1588,presentation,461
-1587,asymmetric,462
-1586,experienced,463
-1585,formatting,464
-1584,motor,465
-1583,repeat,466
-1582,answering,467
-1581,gathered,468
-1580,unknown,469
-1579,trying,470
-1578,supplies,471
-1577,attacker,472
-1576,electrical,473
-1575,visuals,474
-1574,economy,475
-1573,credibility,476
-1572,installation,477
-1571,reasoning,478
-1570,matter,479
-1569,realism,480
-1568,font,481
-1567,soft,482
-1566,far,483
-1565,respect,484
-1564,four,485
-1563,microsoft,486
-1562,sounds,487
-1561,configured,488
-1560,classified,489
-1559,overfitting,490
-1558,cluster,491
-1557,optical,492
-1556,replace,493
-1555,loop,494
-1554,degrees,495
-1553,know,496
-1552,middle,497
-1551,opt,498
-1550,dictionary,499
-1549,haptic,500
-1548,cybercrime,501
-1547,wrong,502
-1546,affects,503
-1545,leaving,504
-1544,wan,505
-1543,someone,506
-1542,scanning,507
-1541,species,508
-1540,balancer,509
-1539,investments,510
-1538,scraping,511
-1537,weights,512
-1536,moves,513
-1535,protein,514
-1534,categorized,515
-1533,host,516
-1532,surgical,517
-1531,tone,518
-1530,capstone,519
-1529,tagging,520
-1528,streamlining,521
-1527,delete,522
-1526,wastage,523
-1525,recruitment,524
-1524,legacy,525
-1523,clinical,526
-1522,multilingual,527
-1521,convey,528
-1520,lightweight,529
-1519,illegal,530
-1518,garbage,531
-1517,locking,532
-1516,film,533
-1515,misused,534
-1514,runtime,535
-1513,yields,536
-1512,attempts,537
-1511,rewards,538
-1510,localization,539
-1509,payments,540
-1508,converts,541
-1507,estimate,542
-1506,criminal,543
-1505,habits,544
-1504,trades,545
-1503,seminars,546
-1502,spending,547
-1501,black,548
-1500,carry,549
-1499,fingerprint,550
-1498,preprocessed,551
-1497,penalties,552
-1496,debug,553
-1495,routine,554
-1494,reaching,555
-1493,educators,556
-1492,goes,557
-1491,completeness,558
-1490,spacecraft,559
-1489,participants,560
-1488,highest,561
-1487,scratch,562
-1486,stop,563
-1485,fine,564
-1484,gives,565
-1483,minimizes,566
-1482,mobility,567
-1481,lakes,568
-1480,virtually,569
-1479,begins,570
-1478,linguistics,571
-1477,beyond,572
-1476,session,573
-1475,configurations,574
-1474,discussed,575
-1473,allocates,576
-1472,unable,577
-1471,peak,578
-1470,switching,579
-1469,anonymization,580
-1468,passengers,581
-1467,doctors,582
-1466,tampering,583
-1465,reviewing,584
-1464,cables,585
-1463,iterations,586
-1462,audit,587
-1461,responsibly,588
-1460,flag,589
-1459,conferences,590
-1458,expand,591
-1457,expenses,592
-1456,answering,593
-1455,limits,594
-1454,customize,595
-1453,sites,596
-1452,excel,597
-1451,departments,598
-1450,remain,599
-1449,journalism,600
-1448,brands,601
-1447,medium,602
-1446,conversational,603
-1445,tuning,604
-1444,lossless,605
-1443,despite,606
-1442,wind,607
-1441,reflect,608
-1440,excess,609
-1439,preferred,610
-1438,safely,611
-1437,score,612
-1436,keywords,613
-1435,crops,614
-1434,lot,615
-1433,warfare,616
-1432,conversations,617
-1431,manipulating,618
-1430,emergence,619
-1429,adds,620
-1428,competitors,621
-1427,recipient,622
-1426,trend,623
-1425,lines,624
-1424,mode,625
-1423,ocean,626
-1422,temporarily,627
-1421,established,628
-1420,workforce,629
-1419,roads,630
-1418,linguistic,631
-1417,censorship,632
-1416,equal,633
-1415,incomplete,634
-1414,2d,635
-1413,peers,636
-1412,appliances,637
-1411,containers,638
-1410,represented,639
-1409,reusable,640
-1408,notifications,641
-1407,phenomena,642
-1406,restrict,643
-1405,insider,644
-1404,attract,645
-1403,promising,646
-1402,perpetuate,647
-1401,later,648
-1400,followed,649
-1399,opinion,650
-1398,coverage,651
-1397,shown,652
-1396,carried,653
-1395,touch,654
-1394,alert,655
-1393,stress,656
-1392,reason,657
-1391,surgeries,658
-1390,journalists,659
-1389,scaling,660
-1388,crashes,661
-1387,met,662
-1386,architectures,663
-1385,inefficiencies,664
-1384,weapons,665
-1383,combined,666
-1382,exciting,667
-1381,exist,668
-1380,paced,669
-1379,exploit,670
-1378,race,671
-1377,transferred,672
-1376,destinations,673
-1375,mimicking,674
-1374,sprint,675
-1373,deploy,676
-1372,independently,677
-1371,disruption,678
-1370,basis,679
-1369,hiring,680
-1368,discussions,681
-1367,closer,682
-1366,represents,683
-1365,semantic,684
-1364,symmetric,685
-1363,poses,686
-1362,sessions,687
-1361,outside,688
-1360,portion,689
-1359,stand,690
-1358,multidisciplinary,691
-1357,advertisers,692
-1356,ports,693
-1355,fuel,694
-1354,locate,695
-1353,situation,696
-1352,reuse,697
-1351,edges,698
-1350,guest,699
-1349,cooling,700
-1348,light,701
-1347,modification,702
-1346,copy,703
-1345,exploring,704
-1344,valid,705
-1343,attractive,706
-1342,requirement,707
-1341,fit,708
-1340,essay,709
-1339,incremental,710
-1338,vector,711
-1337,restore,712
-1336,waterfall,713
-1335,obstacles,714
-1334,displacement,715
-1333,starts,716
-1332,movies,717
-1331,interested,718
-1330,filter,719
-1329,refine,720
-1328,consist,721
-1327,library,722
-1326,catch,723
-1325,google,724
-1324,assistive,725
-1323,obtaining,726
-1322,sentiments,727
-1321,deploying,728
-1320,removed,729
-1319,unified,730
-1318,wait,731
-1317,explanation,732
-1316,fusion,733
-1315,theories,734
-1314,accountable,735
-1313,named,736
-1312,assigns,737
-1311,unpredictable,738
-1310,pressure,739
-1309,hierarchy,740
-1308,broader,741
-1307,grows,742
-1306,purchases,743
-1305,deletion,744
-1304,coaches,745
-1303,hazards,746
-1302,transport,747
-1301,align,748
-1300,login,749
-1299,gender,750
-1298,compromise,751
-1297,last,752
-1296,athlete,753
-1295,intermediary,754
-1294,direction,755
-1293,impairments,756
-1292,want,757
-1291,http,758
-1290,partnerships,759
-1289,unsupervised,760
-1288,polymorphism,761
-1287,assigning,762
-1286,resolving,763
-1285,completion,764
-1284,purchasing,765
-1283,interrupts,766
-1282,styles,767
-1281,auditing,768
-1280,note,769
-1279,imputation,770
-1278,country,771
-1277,dashboards,772
-1276,correction,773
-1275,recommend,774
-1274,assistant,775
-1273,solar,776
-1272,retrieving,777
-1271,apparent,778
-1270,bus,779
-1269,articles,780
-1268,recycling,781
-1267,second,782
-1266,allocating,783
-1265,receives,784
-1264,granting,785
-1263,television,786
-1262,completing,787
-1261,forecasts,788
-1260,intensive,789
-1259,mentioned,790
-1258,call,791
-1257,prices,792
-1256,recovered,793
-1255,recursion,794
-1254,signs,795
-1253,located,796
-1252,supplier,797
-1251,comments,798
-1250,clusters,799
-1249,investigation,800
-1248,altered,801
-1247,pos,802
-1246,discriminatory,803
-1245,preparedness,804
-1244,presented,805
-1243,parent,806
-1242,incorporates,807
-1241,banks,808
-1240,disk,809
-1239,inclusivity,810
-1238,accounts,811
-1237,confidential,812
-1236,exploited,813
-1235,waiting,814
-1234,hybrid,815
-1233,enough,816
-1232,precautions,817
-1231,pedestrians,818
-1230,booking,819
-1229,ownership,820
-1228,retrieved,821
-1227,handled,822
-1226,columns,823
-1225,leadership,824
-1224,receiving,825
-1223,profiling,826
-1222,utilized,827
-1221,wildlife,828
-1220,reusability,829
-1219,adjusting,830
-1218,modifications,831
-1217,backbone,832
-1216,concerned,833
-1215,dangerous,834
-1214,sorted,835
-1213,links,836
-1212,dimensional,837
-1211,arrays,838
-1210,modularity,839
-1209,hosting,840
-1208,hierarchical,841
-1207,adaptable,842
-1206,disadvantages,843
-1205,slower,844
-1204,serious,845
-1203,assistance,846
-1202,compressed,847
-1201,browsers,848
-1200,separately,849
-1199,predicted,850
-1198,learns,851
-1197,jobs,852
-1196,helped,853
-1195,employers,854
-1194,send,855
-1193,names,856
-1192,studying,857
-1191,displays,858
-1190,corrective,859
-1189,think,860
-1188,cards,861
-1187,extracted,862
-1186,responding,863
-1185,entry,864
-1184,ordering,865
-1183,syntactic,866
-1182,boundaries,867
-1181,suited,868
-1180,preparation,869
-1179,controllers,870
-1178,site,871
-1177,slow,872
-1176,perceive,873
-1175,runs,874
-1174,mitigation,875
-1173,scripting,876
-1172,printing,877
-1171,according,878
-1170,carbon,879
-1169,itself,880
-1168,dynamically,881
-1167,advent,882
-1166,spatial,883
-1165,biggest,884
-1164,continued,885
-1163,timeline,886
-1162,representations,887
-1161,biology,888
-1160,secondary,889
-1159,combine,890
-1158,verifying,891
-1157,pace,892
-1156,thoroughly,893
-1155,telemedicine,894
-1154,direct,895
-1153,ethically,896
-1152,journey,897
-1151,tags,898
-1150,raised,899
-1149,sequence,900
-1148,portability,901
-1147,troubleshooting,902
-1146,creative,903
-1145,prevents,904
-1144,specifications,905
-1143,accommodate,906
-1142,queue,907
-1141,pay,908
-1140,successfully,909
-1139,loading,910
-1138,clearly,911
-1137,searching,912
-1136,validating,913
-1135,centric,914
-1134,learned,915
-1133,workers,916
-1132,repeated,917
-1131,educate,918
-1130,barrier,919
-1129,maintainable,920
-1128,onto,921
-1127,initial,922
-1126,chosen,923
-1125,bridge,924
-1124,labor,925
-1123,profound,926
-1122,off,927
-1121,concise,928
-1120,films,929
-1119,immune,930
-1118,encapsulation,931
-1117,distributing,932
-1116,maintained,933
-1115,scene,934
-1114,stability,935
-1113,sending,936
-1112,involving,937
-1111,switches,938
-1110,customized,939
-1109,administrators,940
-1108,solid,941
-1107,lies,942
-1106,surrounding,943
-1105,exception,944
-1104,filters,945
-1103,effect,946
-1102,piece,947
-1101,lists,948
-1100,broken,949
-1099,relief,950
-1098,mind,951
-1097,thereby,952
-1096,deadlock,953
-1095,detected,954
-1094,position,955
-1093,cybercriminals,956
-1092,permissions,957
-1091,gestures,958
-1090,convenience,959
-1089,gap,960
-1088,compiled,961
-1087,explained,962
-1086,erased,963
-1085,developer,964
-1084,centers,965
-1083,diagnoses,966
-1082,attributes,967
-1081,specified,968
-1080,packet,969
-1079,aim,970
-1078,whether,971
-1077,money,972
-1076,editing,973
-1075,vulnerability,974
-1074,return,975
-1073,child,976
-1072,cycles,977
-1071,organisms,978
-1070,simulated,979
-1069,topic,980
-1068,schedules,981
-1067,raw,982
-1066,guidance,983
-1065,compromised,984
-1064,analytical,985
-1063,blocks,986
-1062,cleaned,987
-1061,theory,988
-1060,printers,989
-1059,communicating,990
-1058,authorities,991
-1057,reinforcement,992
-1056,behave,993
-1055,actually,994
-1054,conferencing,995
-1053,sender,996
-1052,break,997
-1051,stable,998
-1050,goods,999
-1049,post,1000
-1048,coordinate,1001
-1047,preparing,1002
-1046,try,1003
-1045,ready,1004
-1044,alerts,1005
-1043,dealing,1006
-1042,moving,1007
-1041,mitigating,1008
-1040,might,1009
-1039,elderly,1010
-1038,box,1011
-1037,forensics,1012
-1036,route,1013
-1035,programmers,1014
-1034,refer,1015
-1033,conversion,1016
-1032,ads,1017
-1031,either,1018
-1030,understandable,1019
-1029,personnel,1020
-1028,participate,1021
-1027,popularity,1022
-1026,storytelling,1023
-1025,messaging,1024
-1024,descriptive,1025
-1023,guides,1026
-1022,qubits,1027
-1021,syntax,1028
-1020,released,1029
-1019,revolutionizing,1030
-1018,switch,1031
-1017,tourism,1032
-1016,numerical,1033
-1015,employee,1034
-1014,visibility,1035
-1013,criteria,1036
-1012,FALSE,1037
-1011,estimation,1038
-1010,provider,1039
-1009,go,1040
-1008,tracks,1041
-1007,cohesive,1042
-1006,govern,1043
-1005,speeds,1044
-1004,association,1045
-1003,dividing,1046
-1002,rescue,1047
-1001,aims,1048
-1000,standardized,1049
-999,ad,1050
-998,faculty,1051
-997,bioinformatics,1052
-996,marketers,1053
-995,eliminating,1054
-994,predefined,1055
-993,match,1056
-992,pointers,1057
-991,bottom,1058
-990,advancing,1059
-989,surveys,1060
-988,physically,1061
-987,delivered,1062
-986,air,1063
-985,get,1064
-984,html,1065
-983,assets,1066
-982,random,1067
-981,facilitating,1068
-980,party,1069
-979,prototyping,1070
-978,facilitates,1071
-977,thread,1072
-976,lab,1073
-975,ranging,1074
-974,installed,1075
-973,drivers,1076
-972,benefit,1077
-971,topology,1078
-970,international,1079
-969,interpretation,1080
-968,interpreting,1081
-967,us,1082
-966,caching,1083
-965,makers,1084
-964,architects,1085
-963,perspectives,1086
-962,evaluated,1087
-961,day,1088
-960,succeed,1089
-959,facing,1090
-958,fair,1091
-957,background,1092
-956,acceptance,1093
-955,distance,1094
-954,linked,1095
-953,mechanism,1096
-952,animations,1097
-951,discovery,1098
-950,lighting,1099
-949,presence,1100
-948,executing,1101
-947,serves,1102
-946,modified,1103
-945,unexpected,1104
-944,extend,1105
-943,professors,1106
-942,cater,1107
-941,bug,1108
-940,allocated,1109
-939,temperature,1110
-938,skilled,1111
-937,everyone,1112
-936,warning,1113
-935,transmit,1114
-934,findings,1115
-933,channels,1116
-932,sizes,1117
-931,precise,1118
-930,decryption,1119
-929,citizens,1120
-928,seek,1121
-927,kernel,1122
-926,workshops,1123
-925,frequency,1124
-924,inputs,1125
-923,packets,1126
-922,standard,1127
-921,disruptions,1128
-920,monitors,1129
-919,unlike,1130
-918,fully,1131
-917,imagery,1132
-916,provided,1133
-915,independent,1134
-914,covers,1135
-913,possibilities,1136
-912,forward,1137
-911,architectural,1138
-910,chatbot,1139
-909,thus,1140
-908,regulation,1141
-907,under,1142
-906,widespread,1143
-905,authorization,1144
-904,incorrect,1145
-903,wireless,1146
-902,signal,1147
-901,iterative,1148
-900,full,1149
-899,oriented,1150
-898,affecting,1151
-897,give,1152
-896,pointer,1153
-895,contract,1154
-894,recover,1155
-893,grids,1156
-892,repository,1157
-891,looking,1158
-890,idea,1159
-889,pursuing,1160
-888,noise,1161
-887,overcome,1162
-886,controlling,1163
-885,road,1164
-884,insurance,1165
-883,feel,1166
-882,correctly,1167
-881,accidents,1168
-880,happen,1169
-879,seeking,1170
-878,severe,1171
-877,name,1172
-876,academic,1173
-875,likelihood,1174
-874,military,1175
-873,presenting,1176
-872,adoption,1177
-871,word,1178
-870,costly,1179
-869,copies,1180
-868,delivering,1181
-867,deployed,1182
-866,tailor,1183
-865,centered,1184
-864,administration,1185
-863,pass,1186
-862,surroundings,1187
-861,churn,1188
-860,layout,1189
-859,contain,1190
-858,coursework,1191
-857,assessments,1192
-856,divided,1193
-855,rate,1194
-854,exposure,1195
-853,impacted,1196
-852,graph,1197
-851,agents,1198
-850,performs,1199
-849,technological,1200
-848,wants,1201
-847,motivation,1202
-846,lower,1203
-845,rendering,1204
-844,accessing,1205
-843,python,1206
-842,live,1207
-841,impossible,1208
-840,rule,1209
-839,careers,1210
-838,systematic,1211
-837,checks,1212
-836,potentially,1213
-835,abilities,1214
-834,manages,1215
-833,hidden,1216
-832,animal,1217
-831,tracked,1218
-830,distinct,1219
-829,top,1220
-828,longer,1221
-827,ones,1222
-826,rapid,1223
-825,engine,1224
-824,underlying,1225
-823,center,1226
-822,uncover,1227
-821,artists,1228
-820,saves,1229
-819,gained,1230
-818,considered,1231
-817,keys,1232
-816,appearance,1233
-815,ground,1234
-814,bandwidth,1235
-813,threat,1236
-812,encrypted,1237
-811,manager,1238
-810,color,1239
-809,tailored,1240
-808,series,1241
-807,codebase,1242
-806,allocate,1243
-805,anywhere,1244
-804,units,1245
-803,shaping,1246
-802,transformation,1247
-801,so,1248
-800,registers,1249
-799,descriptions,1250
-798,scientific,1251
-797,eliminates,1252
-796,message,1253
-795,responsive,1254
-794,keeping,1255
-793,states,1256
-792,remotely,1257
-791,mapping,1258
-790,was,1259
-789,actual,1260
-788,irrelevant,1261
-787,finding,1262
-786,taking,1263
-785,spread,1264
-784,genetics,1265
-783,asset,1266
-782,whole,1267
-781,programmed,1268
-780,add,1269
-779,domain,1270
-778,ongoing,1271
-777,incorporate,1272
-776,art,1273
-775,drug,1274
-774,combines,1275
-773,visualizations,1276
-772,teaching,1277
-771,why,1278
-770,debugging,1279
-769,logical,1280
-768,simplifying,1281
-767,ultimate,1282
-766,sequential,1283
-765,universities,1284
-764,deeper,1285
-763,unstructured,1286
-762,law,1287
-761,leads,1288
-760,tree,1289
-759,numbers,1290
-758,versions,1291
-757,player,1292
-756,free,1293
-755,drives,1294
-754,path,1295
-753,retailers,1296
-752,hypervisor,1297
-751,avoidance,1298
-750,maintainability,1299
-749,economic,1300
-748,mental,1301
-747,biased,1302
-746,receive,1303
-745,instruction,1304
-744,read,1305
-743,engines,1306
-742,smartphones,1307
-741,transforming,1308
-740,careful,1309
-739,delays,1310
-738,crop,1311
-737,sector,1312
-736,schools,1313
-735,distances,1314
-734,utilize,1315
-733,questions,1316
-732,person,1317
-731,sound,1318
-730,methodology,1319
-729,inform,1320
-728,governments,1321
-727,verify,1322
-726,diseases,1323
-725,evidence,1324
-724,completed,1325
-723,always,1326
-722,record,1327
-721,instead,1328
-720,install,1329
-719,mean,1330
-718,anomaly,1331
-717,protected,1332
-716,passwords,1333
-715,deals,1334
-714,visualize,1335
-713,losses,1336
-712,forecast,1337
-711,found,1338
-710,practice,1339
-709,redundancy,1340
-708,intrusion,1341
-707,buildings,1342
-706,congestion,1343
-705,retention,1344
-704,channel,1345
-703,repudiation,1346
-702,added,1347
-701,request,1348
-700,imaging,1349
-699,care,1350
-698,exploration,1351
-697,minimizing,1352
-696,equipped,1353
-695,proactive,1354
-694,daily,1355
-693,low,1356
-692,responsibility,1357
-691,organize,1358
-690,original,1359
-689,volume,1360
-688,texture,1361
-687,license,1362
-686,browsing,1363
-685,relationship,1364
-684,fast,1365
-683,experts,1366
-682,adjustments,1367
-681,branch,1368
-680,leveraging,1369
-679,contributed,1370
-678,transformed,1371
-677,capture,1372
-676,produce,1373
-675,responsibilities,1374
-674,forms,1375
-673,details,1376
-672,enforcing,1377
-671,structural,1378
-670,responders,1379
-669,previous,1380
-668,homes,1381
-667,opportunity,1382
-666,until,1383
-665,methodologies,1384
-664,cultural,1385
-663,becoming,1386
-662,list,1387
-661,written,1388
-660,recognize,1389
-659,intended,1390
-658,writing,1391
-657,point,1392
-656,enforce,1393
-655,clicking,1394
-654,sorting,1395
-653,biases,1396
-652,follow,1397
-651,payment,1398
-650,enhanced,1399
-649,heavily,1400
-648,emotions,1401
-647,strategy,1402
-646,prioritize,1403
-645,scheduling,1404
-644,theft,1405
-643,integrate,1406
-642,core,1407
-641,cache,1408
-640,feasible,1409
-639,nutrition,1410
-638,statistics,1411
-637,factor,1412
-636,responses,1413
-635,movement,1414
-634,backups,1415
-633,revolutionize,1416
-632,maps,1417
-631,framework,1418
-630,depending,1419
-629,optimal,1420
-628,running,1421
-627,constraints,1422
-626,fundamental,1423
-625,hackers,1424
-624,reviewed,1425
-623,turned,1426
-622,cycle,1427
-621,assess,1428
-620,comply,1429
-619,activity,1430
-618,student,1431
-617,news,1432
-616,follows,1433
-615,assurance,1434
-614,contribute,1435
-613,farming,1436
-612,parties,1437
-611,innovation,1438
-610,correct,1439
-609,fashion,1440
-608,harvesting,1441
-607,moisture,1442
-606,tests,1443
-605,document,1444
-604,closely,1445
-603,centralized,1446
-602,institutions,1447
-601,transaction,1448
-600,act,1449
-599,convenient,1450
-598,come,1451
-597,widely,1452
-596,sustainability,1453
-595,contributions,1454
-594,because,1455
-593,numerous,1456
-592,broadly,1457
-591,included,1458
-590,report,1459
-589,limitations,1460
-588,urban,1461
-587,grid,1462
-586,age,1463
-585,precision,1464
-584,flexible,1465
-583,documents,1466
-582,rapidly,1467
-581,becomes,1468
-580,removing,1469
-579,curriculum,1470
-578,sophisticated,1471
-577,connection,1472
-576,estimating,1473
-575,handler,1474
-574,shape,1475
-573,fault,1476
-572,cannot,1477
-571,deliver,1478
-570,operate,1479
-569,queries,1480
-568,account,1481
-567,view,1482
-566,desired,1483
-565,reporting,1484
-564,routes,1485
-563,every,1486
-562,accountability,1487
-561,things,1488
-560,frames,1489
-559,recommender,1490
-558,fitness,1491
-557,scope,1492
-556,group,1493
-555,discrimination,1494
-554,stock,1495
-553,cad,1496
-552,confidentiality,1497
-551,materials,1498
-550,positive,1499
-549,query,1500
-548,minimize,1501
-547,remains,1502
-546,breaking,1503
-545,increases,1504
-544,intersection,1505
-543,describe,1506
-542,strict,1507
-541,cryptography,1508
-540,foundation,1509
-539,options,1510
-538,still,1511
-537,requests,1512
-536,streaming,1513
-535,setting,1514
-534,face,1515
-533,affected,1516
-532,difference,1517
-531,assist,1518
-530,your,1519
-529,unit,1520
-528,denial,1521
-527,paging,1522
-526,defining,1523
-525,tested,1524
-524,appealing,1525
-523,table,1526
-522,swarm,1527
-521,improves,1528
-520,vulnerable,1529
-519,genetic,1530
-518,evaluation,1531
-517,credit,1532
-516,locations,1533
-515,segmentation,1534
-514,cities,1535
-513,define,1536
-512,producers,1537
-511,TRUE,1538
-510,ideas,1539
-509,contrast,1540
-508,prediction,1541
-507,cause,1542
-506,automate,1543
-505,identification,1544
-504,instance,1545
-503,variety,1546
-502,class,1547
-501,detail,1548
-500,defects,1549
-499,back,1550
-498,enhancing,1551
-497,towards,1552
-496,crossover,1553
-495,notation,1554
-494,diagnosis,1555
-493,carefully,1556
-492,present,1557
-491,throughout,1558
-490,manipulate,1559
-489,variables,1560
-488,conducting,1561
-487,transmission,1562
-486,current,1563
-485,navigate,1564
-484,firewalls,1565
-483,scale,1566
-482,organized,1567
-481,executed,1568
-480,worms,1569
-479,stronger,1570
-478,transparent,1571
-477,those,1572
-476,emergency,1573
-475,players,1574
-474,clients,1575
-473,employees,1576
-472,conduct,1577
-471,savings,1578
-470,date,1579
-469,does,1580
-468,movements,1581
-467,virtualization,1582
-466,expertise,1583
-465,transmitted,1584
-464,admission,1585
-463,suit,1586
-462,pages,1587
-461,agriculture,1588
-460,warehouse,1589
-459,effort,1590
-458,fix,1591
-457,external,1592
-456,forecasting,1593
-455,compatibility,1594
-454,apps,1595
-453,converting,1596
-452,feature,1597
-451,consumer,1598
-450,no,1599
-449,campaigns,1600
-448,inaccessible,1601
-447,querying,1602
-446,frameworks,1603
-445,version,1604
-444,likely,1605
-443,volumes,1606
-442,having,1607
-441,detailed,1608
-440,see,1609
-439,app,1610
-438,years,1611
-437,latest,1612
-436,visually,1613
-435,managers,1614
-434,deployment,1615
-433,groups,1616
-432,apple,1617
-431,instances,1618
-430,promotes,1619
-429,entire,1620
-428,connect,1621
-427,what,1622
-426,updated,1623
-425,proper,1624
-424,parallel,1625
-423,fraudulent,1626
-422,created,1627
-421,addressed,1628
-420,translation,1629
-419,particular,1630
-418,raises,1631
-417,malicious,1632
-416,cautious,1633
-415,passed,1634
-414,prepare,1635
-413,simulate,1636
-412,researchers,1637
-411,achieve,1638
-410,consumption,1639
-409,effects,1640
-408,central,1641
-407,objectives,1642
-406,state,1643
-405,today,1644
-404,expectations,1645
-403,classification,1646
-402,connected,1647
-401,drive,1648
-400,getting,1649
-399,victims,1650
-398,attack,1651
-397,played,1652
-396,capabilities,1653
-395,controls,1654
-394,advertising,1655
-393,organizing,1656
-392,guidelines,1657
-391,plans,1658
-390,trained,1659
-389,terms,1660
-388,scalable,1661
-387,functional,1662
-386,timely,1663
-385,productivity,1664
-384,brings,1665
-383,hours,1666
-382,vehicle,1667
-381,treatment,1668
-380,stay,1669
-379,hands,1670
-378,right,1671
-377,diverse,1672
-376,cases,1673
-375,contributes,1674
-374,furthermore,1675
-373,laws,1676
-372,had,1677
-371,procedures,1678
-370,interaction,1679
-369,life,1680
-368,traits,1681
-367,aligned,1682
-366,concern,1683
-365,dynamic,1684
-364,sets,1685
-363,coding,1686
-362,higher,1687
-361,advancement,1688
-360,meaningful,1689
-359,discuss,1690
-358,agile,1691
-357,levels,1692
-356,policies,1693
-355,avoid,1694
-354,rules,1695
-353,would,1696
-352,categorizing,1697
-351,compilers,1698
-350,facilitate,1699
-349,certain,1700
-348,therefore,1701
-347,self,1702
-346,engaging,1703
-345,gather,1704
-344,growing,1705
-343,humans,1706
-342,documentation,1707
-341,powerful,1708
-340,resulting,1709
-339,load,1710
-338,solution,1711
-337,out,1712
-336,scenes,1713
-335,retaining,1714
-334,defined,1715
-333,values,1716
-332,revolutionized,1717
-331,augmented,1718
-330,challenge,1719
-329,comprehensive,1720
-328,rise,1721
-327,non,1722
-326,specialized,1723
-325,members,1724
-324,unique,1725
-323,combination,1726
-322,delivery,1727
-321,retrieval,1728
-320,aviation,1729
-319,responsiveness,1730
-318,sports,1731
-317,goals,1732
-316,lack,1733
-315,shared,1734
-314,adapt,1735
-313,collecting,1736
-312,practical,1737
-311,historical,1738
-310,highly,1739
-309,now,1740
-308,run,1741
-307,solve,1742
-306,aspects,1743
-305,constantly,1744
-304,encounter,1745
-303,campus,1746
-302,consuming,1747
-301,music,1748
-300,component,1749
-299,changing,1750
-298,enabled,1751
-297,structured,1752
-296,weather,1753
-295,consider,1754
-294,determine,1755
-293,scenarios,1756
-292,3d,1757
-291,optimizing,1758
-290,disasters,1759
-289,among,1760
-288,measured,1761
-287,overcoming,1762
-286,applied,1763
-285,statistical,1764
-284,accurately,1765
-283,form,1766
-282,teams,1767
-281,significantly,1768
-280,working,1769
-279,after,1770
-278,creation,1771
-277,job,1772
-276,moreover,1773
-275,instructions,1774
-274,environmental,1775
-273,generated,1776
-272,missed,1777
-271,statement,1778
-270,bias,1779
-269,compliance,1780
-268,across,1781
-267,order,1782
-266,robots,1783
-265,implementation,1784
-264,interactions,1785
-263,roles,1786
-262,location,1787
-261,speed,1788
-260,result,1789
-259,additionally,1790
-258,simulations,1791
-257,conditions,1792
-256,era,1793
-255,fees,1794
-254,similar,1795
-253,courses,1796
-252,maintaining,1797
-251,building,1798
-250,meets,1799
-249,especially,1800
-248,usability,1801
-247,technique,1802
-246,benefits,1803
-245,case,1804
-244,concept,1805
-243,functionality,1806
-242,enable,1807
-241,immersive,1808
-240,bringing,1809
-239,answer,1810
-238,increasingly,1811
-237,end,1812
-236,format,1813
-235,sustainable,1814
-234,vital,1815
-233,realistic,1816
-232,available,1817
-231,commonly,1818
-230,required,1819
-229,enabling,1820
-228,practices,1821
-227,factors,1822
-226,patient,1823
-225,availability,1824
-224,introducing,1825
-223,forensic,1826
-222,innovative,1827
-221,transactions,1828
-220,cybersecurity,1829
-219,smaller,1830
-218,together,1831
-217,easily,1832
-216,greatly,1833
-215,error,1834
-214,servers,1835
-213,single,1836
-212,reliability,1837
-211,function,1838
-210,during,1839
-209,useful,1840
-208,malfunctions,1841
-207,plants,1842
-206,processed,1843
-205,tracking,1844
-204,steps,1845
-203,consistency,1846
-202,service,1847
-201,focus,1848
-200,manner,1849
-199,demand,1850
-198,people,1851
-197,vehicles,1852
-196,detect,1853
-195,target,1854
-194,optimization,1855
-193,reliable,1856
-192,loan,1857
-191,categorical,1858
-190,developed,1859
-189,file,1860
-188,organization,1861
-187,within,1862
-186,resource,1863
-185,known,1864
-184,chain,1865
-183,education,1866
-182,driven,1867
-181,interact,1868
-180,set,1869
-179,continues,1870
-178,results,1871
-177,plan,1872
-176,participation,1873
-175,desktops,1874
-174,inventory,1875
-173,continuous,1876
-172,protocols,1877
-171,collected,1878
-170,unauthorized,1879
-169,friendly,1880
-168,architecture,1881
-167,visual,1882
-166,means,1883
-165,support,1884
-164,technical,1885
-163,effectively,1886
-162,once,1887
-161,aspect,1888
-160,dating,1889
-159,microphone,1890
-158,solving,1891
-157,take,1892
-156,sentiment,1893
-155,collect,1894
-154,predictive,1895
-153,refers,1896
-152,relevant,1897
-151,supply,1898
-150,operations,1899
-149,before,1900
-148,uses,1901
-147,like,1902
-146,preferences,1903
-145,recovery,1904
-144,investigations,1905
-143,overloaded,1906
-142,continuously,1907
-141,lead,1908
-140,opportunities,1909
-139,store,1910
-138,gain,1911
-137,optimize,1912
-136,type,1913
-135,hand,1914
-134,responsible,1915
-133,requires,1916
-132,however,1917
-131,play,1918
-130,projects,1919
-129,mobile,1920
-128,recall,1921
-127,fonts,1922
-126,advance,1923
-125,feedback,1924
-124,market,1925
-123,valuable,1926
-122,errors,1927
-121,often,1928
-120,sensors,1929
-119,transportation,1930
-118,application,1931
-117,team,1932
-116,marketing,1933
-115,internet,1934
-114,but,1935
-113,leading,1936
-112,sought,1937
-111,abnormal,1938
-110,input,1939
-109,components,1940
-108,prevent,1941
-107,protect,1942
-106,made,1943
-105,challenges,1944
-104,hardware,1945
-103,ways,1946
-102,financial,1947
-101,designed,1948
-100,when,1949
-99,another,1950
-98,sensitive,1951
-97,must,1952
-96,orientation,1953
-95,unintended,1954
-94,ability,1955
-93,then,1956
-92,areas,1957
-91,become,1958
-90,measures,1959
-89,if,1960
-88,requirements,1961
-87,future,1962
-86,main,1963
-85,personalized,1964
-84,up,1965
-83,networks,1966
-82,changes,1967
-81,features,1968
-80,patch,1969
-79,victim,1970
-78,knowledge,1971
-77,programming,1972
-76,handle,1973
-75,world,1974
-74,smart,1975
-73,high,1976
-72,accurate,1977
-71,artificial,1978
-70,cloud,1979
-69,disaster,1980
-68,healthcare,1981
-67,develop,1982
-66,secure,1983
-65,issues,1984
-64,complying,1985
-63,heavy,1986
-62,example,1987
-61,step,1988
-60,creating,1989
-59,while,1990
-58,efficiency,1991
-57,decision,1992
-56,how,1993
-55,risk,1994
-54,ensuring,1995
-53,include,1996
-52,analyzing,1997
-51,digital,1998
-50,media,1999
-49,multiple,2000
-48,string,2001
-47,satisfactory,2002
-46,web,2003
-45,work,2004
-44,tasks,2005
-43,control,2006
-42,organizations,2007
-41,about,2008
-40,identifying,2009
-39,privacy,2010
-38,human,2011
-37,developing,2012
-36,will,2013
-35,degree,2014
-34,online,2015
-33,each,2016
-32,makeup,2017
-31,replacement,2018
-30,individuals,2019
-29,understand,2020
-28,processing,2021
-27,master,2022
-26,significant,2023
-25,key,2024
-24,quality,2025
-23,technologies,2026
-22,between,2027
-21,mining,2028
-20,decisions,2029
-19,testing,2030
-18,based,2031
-17,machine,2032
-16,reading,2033
-15,ambiguity,2034
-14,need,2035
-13,using,2036
-12,provide,2037
-11,efficient,2038
-10,applications,2039
-9,essential,2040
-8,project,2041
-7,tools,2042
-6,students,2043
-5,allows,2044
-4,design,2045
-3,access,2046
-2,different,2047
-1,potential,2048
0,users,2049
1,other,2050
2,analysis,2051
3,various,2052
4,crucial,2053
5,techniques,2054
6,time,2055
7,identify,2056
8,making,2057
9,they,2058
10,development,2059
11,have,2060
12,system,2061
13,performance,2062
14,discussion,2063
15,expanding,2064
16,also,2065
17,systems,2066
18,their,2067
19,use,2068
20,on,2069
21,science,2070
22,be,2071
23,these,2072
24,for,2073
25,it,2074
26,can,2075
27,that,2076
28,the,2077
29,involves,2078
30,autonomously,2079
31,surgery,2080
32,and,2081
33,to,2082
34,of,2083
35,computer,2084
36,in,2085
37,this,2086
38,is,2087
39,by,2088
40,data,2089
41,as,2090
42,with,2091
43,used,2092
44,are,2093
45,real,2094
46,sensitivity,2095
47,proprietary,2096
48,or,2097
49,software,2098
50,such,2099
51,from,2100
52,has,2101
53,more,2102
54,process,2103
55,information,2104
56,user,2105
57,which,2106
58,security,2107
59,management,2108
60,technology,2109
61,virtual,2110
62,breaks,2111
63,basket,2112
64,algorithms,2113
65,learning,2114
66,role,2115
67,help,2116
68,make,2117
69,them,2118
70,ensure,2119
71,any,2120
72,network,2121
73,into,2122
74,helps,2123
75,conclusion,2124
76,devices,2125
77,impact,2126
78,books,2127
79,deviations,2128
80,analyze,2129
81,experience,2130
82,patterns,2131
83,not,2132
84,improve,2133
85,may,2134
86,customer,2135
87,field,2136
88,one,2137
89,communication,2138
90,create,2139
91,resources,2140
92,complex,2141
93,insights,2142
94,literature,2143
95,resistant,2144
96,plays,2145
97,understanding,2146
98,new,2147
99,social,2148
100,code,2149
101,analytics,2150
102,businesses,2151
103,through,2152
104,where,2153
105,language,2154
106,providing,2155
107,storage,2156
108,specific,2157
109,program,2158
110,destruction,2159
111,aerospace,2160
112,industry,2161
113,should,2162
114,there,2163
115,database,2164
116,some,2165
117,scientists,2166
118,all,2167
119,energy,2168
120,memory,2169
121,computing,2170
122,without,2171
123,processes,2172
124,intelligence,2173
125,most,2174
126,panels,2175
127,int,2176
128,important,2177
129,effective,2178
130,includes,2179
131,ensures,2180
132,way,2181
133,skills,2182
134,overall,2183
135,models,2184
136,trends,2185
137,only,2186
138,research,2187
139,developers,2188
140,behavior,2189
141,monitoring,2190
142,owners,2191
143,branches,2192
144,programs,2193
145,at,2194
146,amounts,2195
147,platforms,2196
148,being,2197
149,easier,2198
150,critical,2199
151,cost,2200
152,environment,2201
153,better,2202
154,provides,2203
155,content,2204
156,including,2205
157,integration,2206
158,choices,2207
159,book,2208
160,advanced,2209
161,computers,2210
162,enables,2211
163,principles,2212
164,text,2213
165,services,2214
166,encryption,2215
167,natural,2216
168,customers,2217
169,recognition,2218
170,sources,2219
171,traffic,2220
172,allowing,2221
173,problems,2222
174,again,2223
175,sudden,2224
176,learn,2225
177,reducing,2226
178,distributed,2227
179,product,2228
180,business,2229
181,methods,2230
182,informed,2231
183,collection,2232
184,well,2233
185,implementing,2234
186,model,2235
187,training,2236
188,manage,2237
189,integrity,2238
190,electronics,2239
191,everyday,2240
192,improving,2241
193,physical,2242
194,been,2243
195,maintenance,2244
196,approach,2245
197,we,2246
198,detection,2247
199,advancements,2248
200,personal,2249
201,algorithm,2250
202,server,2251
203,interface,2252
204,cyber,2253
205,graphics,2254
206,interacted,2255
207,layered,2256
208,threats,2257
209,accuracy,2258
210,reality,2259
211,require,2260
212,risks,2261
213,languages,2262
214,first,2263
215,strategies,2264
216,managing,2265
217,many,2266
218,allow,2267
219,reduce,2268
220,increasing,2269
221,objects,2270
222,encouraging,2271
223,disorders,2272
224,improved,2273
225,types,2274
226,attacks,2275
227,vision,2276
228,over,2277
229,problem,2278
230,stored,2279
231,images,2280
232,even,2281
233,amount,2282
234,solutions,2283
235,visualization,2284
236,both,2285
237,speech,2286
238,clouds,2287
239,scholarships,2288
240,products,2289
241,monitor,2290
242,planning,2291
243,databases,2292
244,collaboration,2293
245,response,2294
246,traditional,2295
247,structure,2296
248,operating,2297
249,perform,2298
250,following,2299
251,concerns,2300
252,companies,2301
253,final,2302
254,entrepreneurship,2303
255,attachments,2304
256,track,2305
257,communicate,2306
258,address,2307
259,device,2308
260,vast,2309
261,website,2310
262,test,2311
263,range,2312
264,two,2313
265,modeling,2314
266,regulations,2315
267,designing,2316
268,predictions,2317
269,evolving,2318
270,configuring,2319
271,crimes,2320
272,industries,2321
273,professionals,2322
274,efficiently,2323
275,purpose,2324
276,image,2325
277,structures,2326
278,level,2327
279,updates,2328
280,faster,2329
281,who,2330
282,scalability,2331
283,autonomous,2332
284,makes,2333
285,predicting,2334
286,yes,2335
287,inherit,2336
288,relationships,2337
289,search,2338
290,game,2339
291,several,2340
292,costs,2341
293,infrastructure,2342
294,possible,2343
295,public,2344
296,predict,2345
297,health,2346
298,activities,2347
299,same,2348
300,audience,2349
301,transparency,2350
302,virtualized,2351
303,posture,2352
304,datasets,2353
305,authentication,2354
306,standards,2355
307,challenging,2356
308,maintain,2357
309,number,2358
310,accessible,2359
311,interpret,2360
312,than,2361
313,individual,2362
314,enhance,2363
315,platform,2364
316,protection,2365
317,automated,2366
318,inefficient,2367
319,contained,2368
320,here,2369
321,stakeholders,2370
322,facial,2371
323,quickly,2372
324,medical,2373
325,place,2374
326,continue,2375
327,regular,2376
328,increased,2377
329,own,2378
330,addition,2379
331,offer,2380
332,production,2381
333,water,2382
334,room,2383
335,inspection,2384
336,generate,2385
337,fields,2386
338,handling,2387
339,quantum,2388
340,common,2389
341,safety,2390
342,waste,2391
343,implement,2392
344,success,2393
345,automation,2394
346,improvement,2395
347,backup,2396
348,space,2397
349,prevention,2398
350,failover,2399
351,overstated,2400
352,elements,2401
353,involve,2402
354,interactive,2403
355,increase,2404
356,power,2405
357,nodes,2406
358,done,2407
359,accessibility,2408
360,primary,2409
361,task,2410
362,effectiveness,2411
363,vulnerabilities,2412
364,environments,2413
365,screen,2414
366,lake,2415
367,outbreaks,2416
368,experiences,2417
369,share,2418
370,easy,2419
371,engineering,2420
372,remote,2421
373,principle,2422
374,related,2423
375,summary,2424
376,typically,2425
377,down,2426
378,gaming,2427
379,files,2428
380,machines,2429
381,brand,2430
382,rays,2431
383,family,2432
384,early,2433
385,could,2434
386,commerce,2435
387,strong,2436
388,recommendations,2437
389,biometric,2438
390,focuses,2439
391,further,2440
392,interfaces,2441
393,object,2442
394,actions,2443
395,wide,2444
396,satisfaction,2445
397,global,2446
398,lifetime,2447
399,tell,2448
400,video,2449
401,achieved,2450
402,output,2451
403,expected,2452
404,extract,2453
405,intelligent,2454
406,part,2455
407,next,2456
408,designers,2457
409,able,2458
410,complexity,2459
411,storing,2460
412,simulation,2461
413,differences,2462
414,foremost,2463
415,visited,2464
416,outcomes,2465
417,reduces,2466
418,compression,2467
419,source,2468
420,context,2469
421,regularly,2470
422,usage,2471
423,robotics,2472
424,difficult,2473
425,assistants,2474
426,method,2475
427,against,2476
428,accessed,2477
429,surveillance,2478
430,internship,2479
431,leaders,2480
432,efforts,2481
433,suitable,2482
434,renewable,2483
435,needed,2484
436,change,2485
437,keep,2486
438,sharing,2487
439,chatbots,2488
440,functions,2489
441,analyzed,2490
442,limited,2491
443,area,2492
444,build,2493
445,helping,2494
446,bit,2495
447,representative,2496
448,mitigate,2497
449,breaches,2498
450,websites,2499
451,transfer,2500
452,meet,2501
453,purposes,2502
454,concepts,2503
455,major,2504
456,goal,2505
457,best,2506
458,particularly,2507
459,considerations,2508
460,led,2509
461,review,2510
462,minimization,2511
463,sized,2512
464,legal,2513
465,loss,2514
466,networking,2515
467,flexibility,2516
468,complete,2517
469,intuitive,2518
470,robust,2519
471,consequences,2520
472,successful,2521
473,do,2522
474,consistent,2523
475,offers,2524
476,respond,2525
477,private,2526
478,subjective,2527
479,assisted,2528
480,due,2529
481,involved,2530
482,governance,2531
483,career,2532
484,clear,2533
485,accordingly,2534
486,study,2535
487,growth,2536
488,existing,2537
489,finance,2538
490,identity,2539
491,progress,2540
492,seamless,2541
493,arise,2542
494,collects,2543
495,linking,2544
496,distribution,2545
497,find,2546
498,drones,2547
499,meaning,2548
500,flow,2549
501,node,2550
502,our,2551
503,functioning,2552
504,importance,2553
505,games,2554
506,popular,2555
507,protecting,2556
508,bugs,2557
509,navigation,2558
510,regulate,2559
511,motherboard,2560
512,events,2561
513,preventing,2562
514,videos,2563
515,trust,2564
516,pre,2565
517,appropriate,2566
518,words,2567
519,advantage,2568
520,manufacturing,2569
521,value,2570
522,cameras,2571
523,failure,2572
524,long,2573
525,examples,2574
526,predetermined,2575
527,triggers,2576
528,competitive,2577
529,computational,2578
530,reach,2579
531,patients,2580
532,execution,2581
533,damage,2582
534,update,2583
535,history,2584
536,equipment,2585
537,modern,2586
538,blockchain,2587
539,simultaneously,2588
540,assessment,2589
541,regression,2590
542,misinformation,2591
543,organizational,2592
544,advantages,2593
545,engagement,2594
546,implications,2595
547,multi,2596
548,client,2597
549,targeted,2598
550,mechanisms,2599
551,sales,2600
552,anomalies,2601
553,dataset,2602
554,processor,2603
555,driving,2604
556,characteristics,2605
557,manual,2606
558,integrates,2607
559,matrix,2608
560,integrated,2609
561,retrieve,2610
562,topics,2611
563,failures,2612
564,lives,2613
565,times,2614
566,recent,2615
567,designs,2616
568,society,2617
569,records,2618
570,expect,2619
571,replication,2620
572,warehousing,2621
573,farmers,2622
574,recommended,2623
575,reward,2624
576,event,2625
577,impacts,2626
578,voice,2627
579,safe,2628
580,simple,2629
581,exchange,2630
582,edge,2631
583,points,2632
584,grow,2633
585,mathematical,2634
586,layer,2635
587,neural,2636
588,validation,2637
589,much,2638
590,opening,2639
591,recovering,2640
592,rely,2641
593,behaviors,2642
594,addressing,2643
595,reduced,2644
596,extracting,2645
597,government,2646
598,allocation,2647
599,article,2648
600,train,2649
601,authorized,2650
602,identified,2651
603,processors,2652
604,ultimately,2653
605,balancing,2654
606,prospects,2655
607,diagnose,2656
608,consent,2657
609,choice,2658
610,cleaning,2659
611,generation,2660
612,open,2661
613,usually,2662
614,shopping,2663
615,travel,2664
616,small,2665
617,budget,2666
618,disabilities,2667
619,providers,2668
620,audio,2669
621,issue,2670
622,green,2671
623,refining,2672
624,explore,2673
625,evaluate,2674
626,engineers,2675
627,banking,2676
628,entertainment,2677
629,managed,2678
630,less,2679
631,depends,2680
632,automatically,2681
633,evolve,2682
634,selection,2683
635,graphs,2684
636,situations,2685
637,map,2686
638,aerial,2687
639,sufficient,2688
640,affect,2689
641,powered,2690
642,expensive,2691
643,adjust,2692
644,apply,2693
645,representation,2694
646,compared,2695
647,clustering,2696
648,larger,2697
649,aid,2698
650,collaborate,2699
651,interests,2700
652,parts,2701
653,parameters,2702
654,sectors,2703
655,marginalized,2704
656,smooth,2705
657,choose,2706
658,save,2707
659,others,2708
660,climate,2709
661,rather,2710
662,chances,2711
663,given,2712
664,missing,2713
665,cover,2714
666,sense,2715
667,past,2716
668,population,2717
669,geographic,2718
670,visits,2719
671,capability,2720
672,updating,2721
673,improvements,2722
674,works,2723
675,good,2724
676,called,2725
677,retail,2726
678,signals,2727
679,personalize,2728
680,phase,2729
681,reasons,2730
682,page,2731
683,tables,2732
684,reputation,2733
685,block,2734
686,offline,2735
687,injection,2736
688,reviews,2737
689,protocol,2738
690,awareness,2739
691,negative,2740
692,city,2741
693,stage,2742
694,detecting,2743
695,animation,2744
696,built,2745
697,promote,2746
698,promoting,2747
699,home,2748
700,metrics,2749
701,behind,2750
702,iris,2751
703,randomly,2752
704,rights,2753
705,workload,2754
706,suspicious,2755
707,local,2756
708,occur,2757
709,execute,2758
710,saving,2759
711,electronic,2760
712,fixing,2761
713,action,2762
714,implemented,2763
715,purchase,2764
716,coordination,2765
717,course,2766
718,convolutional,2767
719,interior,2768
720,engage,2769
721,logistics,2770
722,element,2771
723,represent,2772
724,card,2773
725,addresses,2774
726,operation,2775
727,were,2776
728,company,2777
729,communities,2778
730,personalization,2779
731,approaches,2780
732,food,2781
733,libraries,2782
734,planting,2783
735,profitable,2784
736,handles,2785
737,consideration,2786
738,cross,2787
739,recommendation,2788
740,pattern,2789
741,conflicts,2790
742,frequently,2791
743,internships,2792
744,performing,2793
745,controlled,2794
746,emerging,2795
747,general,2796
748,you,2797
749,considering,2798
750,holds,2799
751,lights,2800
752,write,2801
753,performed,2802
754,evaluating,2803
755,connections,2804
756,demographics,2805
757,associated,2806
758,comes,2807
759,stores,2808
760,integral,2809
761,charts,2810
762,integrating,2811
763,breach,2812
764,cars,2813
765,mathematics,2814
766,equations,2815
767,hosted,2816
768,aided,2817
769,synchronization,2818
770,additional,2819
771,regulatory,2820
772,side,2821
773,manipulation,2822
774,downtime,2823
775,optimized,2824
776,characters,2825
777,takes,2826
778,prepares,2827
779,agencies,2828
780,intervention,2829
781,comparing,2830
782,exact,2831
783,blueprint,2832
784,directly,2833
785,tolerance,2834
786,malware,2835
787,robot,2836
788,ethics,2837
789,stages,2838
790,extraction,2839
791,graduates,2840
792,three,2841
793,connectivity,2842
794,thinking,2843
795,collaborative,2844
796,weaknesses,2845
797,customization,2846
798,telecommunication,2847
799,insects,2848
800,conservation,2849
801,professional,2850
802,opened,2851
803,incorporating,2852
804,theoretical,2853
805,analysts,2854
806,quick,2855
807,misuse,2856
808,preprocessing,2857
809,internal,2858
810,educational,2859
811,serve,2860
812,classify,2861
813,partitioning,2862
814,typing,2863
815,moderation,2864
816,taken,2865
817,messages,2866
818,establish,2867
819,inconsistencies,2868
820,interconnected,2869
821,harm,2870
822,nature,2871
823,contains,2872
824,sensing,2873
825,motion,2874
826,remove,2875
827,seamlessly,2876
828,trading,2877
829,variable,2878
830,possess,2879
831,applicants,2880
832,audits,2881
833,relies,2882
834,satellite,2883
835,determining,2884
836,filtering,2885
837,java,2886
838,utilization,2887
839,calculations,2888
840,indicate,2889
841,specifically,2890
842,basic,2891
843,loyalty,2892
844,binary,2893
845,clean,2894
846,filling,2895
847,mice,2896
848,landscape,2897
849,investment,2898
850,depth,2899
851,line,2900
852,acts,2901
853,trees,2902
854,term,2903
855,segments,2904
856,attention,2905
857,measure,2906
858,therapy,2907
859,desktop,2908
860,display,2909
861,correlations,2910
862,consulting,2911
863,violation,2912
864,choosing,2913
865,modify,2914
866,rates,2915
867,consumers,2916
868,property,2917
869,brain,2918
870,abstraction,2919
871,items,2920
872,generating,2921
873,studies,2922
874,base,2923
875,interdisciplinary,2924
876,thorough,2925
877,treatments,2926
878,translates,2927
879,psychological,2928
880,hash,2929
881,adding,2930
882,release,2931
883,guide,2932
884,commands,2933
885,email,2934
886,resolution,2935
887,applying,2936
888,normalization,2937
889,regardless,2938
890,destination,2939
891,entities,2940
892,sentence,2941
893,assigned,2942
894,remember,2943
895,register,2944
896,disease,2945
897,special,2946
898,transform,2947
899,automating,2948
900,reports,2949
901,reduction,2950
902,settings,2951
903,index,2952
904,properly,2953
905,creates,2954
906,manageable,2955
907,selecting,2956
908,around,2957
909,achieving,2958
910,enhancement,2959
911,derived,2960
912,interrupt,2961
913,ahead,2962
914,ever,2963
915,third,2964
916,aware,2965
917,biological,2966
918,bottlenecks,2967
919,since,2968
920,below,2969
921,formats,2970
922,functionalities,2971
923,properties,2972
924,constant,2973
925,capable,2974
926,yield,2975
927,interpreter,2976
928,option,2977
929,beneficial,2978
930,teamwork,2979
931,let,2980
932,diversity,2981
933,gathering,2982
934,countries,2983
935,classes,2984
936,segment,2985
937,securely,2986
938,immediate,2987
939,construction,2988
940,linear,2989
941,differ,2990
942,synchronous,2991
943,reported,2992
944,inclusive,2993
945,routing,2994
946,avoiding,2995
947,balance,2996
948,stack,2997
949,strengths,2998
950,schedule,2999
951,outliers,3000
952,ram,3001
953,evolution,3002
954,logic,3003
955,phrases,3004
956,combining,3005
957,influence,3006
958,priorities,3007
959,majority,3008
960,threads,3009
961,demands,3010
962,giving,3011
963,capacity,3012
964,opinions,3013
965,peer,3014
966,prone,3015
967,understood,3016
968,bring,3017
969,password,3018
970,browser,3019
971,array,3020
972,planners,3021
973,outlines,3022
974,therapists,3023
975,election,3024
976,verification,3025
977,compatible,3026
978,fixed,3027
979,decentralized,3028
980,equips,3029
981,enhances,3030
982,enforcement,3031
983,relational,3032
984,look,3033
985,just,3034
986,establishing,3035
987,posts,3036
988,root,3037
989,compiler,3038
990,profits,3039
991,inserted,3040
992,duplicate,3041
993,securing,3042
994,focused,3043
995,priority,3044
996,viruses,3045
997,select,3046
998,keyboard,3047
999,separate,3048
1000,static,3049
1001,manually,3050
1002,modules,3051
1003,body,3052
1004,sensor,3053
1005,classical,3054
1006,sure,3055
1007,mentorship,3056
1008,developments,3057
1009,political,3058
1010,seen,3059
1011,continuity,3060
1012,interoperability,3061
1013,subset,3062
1014,convert,3063
1015,similarly,3064
1016,policy,3065
1017,invest,3066
1018,patches,3067
1019,multimedia,3068
1020,explicitly,3069
1021,encrypt,3070
1022,looks,3071
1023,specify,3072
1024,distribute,3073
1025,indexing,3074
1026,lost,3075
1027,compromising,3076
1028,thesis,3077
1029,checking,3078
1030,medicine,3079
1031,utilizing,3080
1032,ideal,3081
1033,revenue,3082
1034,entity,3083
1035,allowed,3084
1036,massive,3085
1037,supervised,3086
1038,tackle,3087
1039,leave,3088
1040,adaptive,3089
1041,emotion,3090
1042,subject,3091
1043,geographical,3092
1044,selected,3093
1045,redundant,3094
1046,lifecycle,3095
1047,emails,3096
1048,interest,3097
1049,streamline,3098
1050,community,3099
1051,incoming,3100
1052,unnecessary,3101
1053,assessing,3102
1054,exploitation,3103
1055,emerge,3104
1056,vary,3105
1057,categories,3106
1058,causing,3107
1059,compare,3108
1060,warehouses,3109
1061,embedded,3110
1062,evolutionary,3111
1063,inspired,3112
1064,occurs,3113
1065,phishing,3114
1066,alternative,3115
1067,safeguard,3116
1068,fails,3117
1069,divide,3118
1070,institution,3119
1071,weak,3120
1072,operational,3121
1073,targeting,3122
1074,routers,3123
1075,adaptability,3124
1076,discover,3125
1077,layers,3126
1078,sent,3127
1079,plain,3128
1080,culture,3129
1081,engineer,3130
1082,usable,3131
1083,presents,3132
1084,resolve,3133
1085,maximum,3134
1086,origin,3135
1087,remaining,3136
1088,standardization,3137
1089,previously,3138
1090,above,3139
1091,agent,3140
1092,start,3141
1093,greater,3142
1094,cleansing,3143
1095,manufacturers,3144
1096,expressions,3145
1097,configuration,3146
1098,hacking,3147
1099,gaining,3148
1100,backgrounds,3149
1101,pricing,3150
1102,spend,3151
1103,publish,3152
1104,pursue,3153
1105,graduate,3154
1106,dependencies,3155
1107,concurrency,3156
1108,cognitive,3157
1109,enjoyable,3158
1110,sends,3159
1111,gesture,3160
1112,policymakers,3161
1113,sort,3162
1114,material,3163
1115,tablets,3164
1116,influenced,3165
1117,lectures,3166
1118,assumptions,3167
1119,covered,3168
1120,etc,3169
1121,incident,3170
1122,competition,3171
1123,land,3172
1124,consists,3173
1125,specialization,3174
1126,caused,3175
1127,significance,3176
1128,unusual,3177
1129,normal,3178
1130,connecting,3179
1131,anyone,3180
1132,short,3181
1133,laptops,3182
1134,attribute,3183
1135,exploratory,3184
1136,meeting,3185
1137,coordinating,3186
1138,validate,3187
1139,supports,3188
1140,assignments,3189
1141,smoothly,3190
1142,creativity,3191
1143,outcome,3192
1144,frequent,3193
1145,emissions,3194
1146,soil,3195
1147,finally,3196
1148,dedicated,3197
1149,matching,3198
1150,sockets,3199
1151,animals,3200
1152,themselves,3201
1153,wearable,3202
1154,preventive,3203
1155,defense,3204
1156,perception,3205
1157,codes,3206
1158,raise,3207
1159,testers,3208
1160,scientist,3209
1161,translate,3210
1162,eliminate,3211
1163,received,3212
1164,teachers,3213
1165,societal,3214
1166,owned,3215
1167,exponentially,3216
1168,mechanics,3217
1169,voting,3218
1170,satellites,3219
1171,section,3220
1172,tech,3221
1173,mouse,3222
1174,firewall,3223
1175,status,3224
1176,prepared,3225
1177,graphical,3226
1178,summarization,3227
1179,rest,3228
1180,modular,3229
1181,surface,3230
1182,proposed,3231
1183,discovered,3232
1184,corresponding,3233
1185,condition,3234
1186,intellectual,3235
1187,conducted,3236
1188,already,3237
1189,expressed,3238
1190,check,3239
1191,deal,3240
1192,calls,3241
1193,identifies,3242
1194,retain,3243
1195,fairness,3244
1196,front,3245
1197,log,3246
1198,overhead,3247
1199,responds,3248
1200,currently,3249
1201,connects,3250
1202,inaccurate,3251
1203,partners,3252
1204,colors,3253
1205,barriers,3254
1206,advertisements,3255
1207,anticipate,3256
1208,hold,3257
1209,buying,3258
1210,move,3259
1211,emotional,3260
1212,reference,3261
1213,item,3262
1214,globally,3263
1215,ethernet,3264
1216,relatively,3265
1217,incidents,3266
1218,educating,3267
1219,emphasizes,3268
1220,speakers,3269
1221,suggest,3270
1222,computerized,3271
1223,monitored,3272
1224,paradigm,3273
1225,analyst,3274
1226,generates,3275
1227,visualizing,3276
1228,strategic,3277
1229,mistakes,3278
1230,multiplayer,3279
1231,simply,3280
1232,refactoring,3281
1233,unreadable,3282
1234,encourages,3283
1235,conversation,3284
1236,cutting,3285
1237,spoken,3286
1238,psychology,3287
1239,learners,3288
1240,ease,3289
1241,selling,3290
1242,replicate,3291
1243,poor,3292
1244,skill,3293
1245,intent,3294
1246,bar,3295
1247,influencer,3296
1248,scans,3297
1249,cultures,3298
1250,disrupt,3299
1251,whereas,3300
1252,paths,3301
1253,prevalent,3302
1254,changed,3303
1255,inheritance,3304
1256,sentences,3305
1257,subfield,3306
1258,period,3307
1259,repetitive,3308
1260,audiences,3309
1261,simplicity,3310
1262,susceptible,3311
1263,lean,3312
1264,correcting,3313
1265,along,3314
1266,mimic,3315
1267,shows,3316
1268,encoding,3317
1269,populations,3318
1270,gameplay,3319
1271,fail,3320
1272,limit,3321
1273,irrigation,3322
1274,gaps,3323
1275,head,3324
1276,replicated,3325
1277,printer,3326
1278,humidity,3327
1279,radar,3328
1280,prioritizing,3329
1281,occurring,3330
1282,signatures,3331
1283,living,3332
1284,iteration,3333
1285,disposal,3334
1286,length,3335
1287,logs,3336
1288,eye,3337
1289,starting,3338
1290,faces,3339
1291,offering,3340
1292,relevance,3341
1293,documented,3342
1294,declarative,3343
1295,expansion,3344
1296,objective,3345
1297,playing,3346
1298,prototypes,3347
1299,innovations,3348
1300,produced,3349
1301,classroom,3350
1302,steal,3351
1303,physics,3352
1304,flaws,3353
1305,adapting,3354
1306,latency,3355
1307,defines,3356
1308,programmer,3357
1309,recorded,3358
1310,buyers,3359
1311,liability,3360
1312,car,3361
1313,obtain,3362
1314,style,3363
1315,discrepancies,3364
1316,disciplines,3365
1317,athletes,3366
1318,collaborations,3367
1319,investors,3368
1320,recording,3369
1321,industrial,3370
1322,scanners,3371
1323,simulating,3372
1324,actively,3373
1325,replaced,3374
1326,department,3375
1327,particle,3376
1328,facilities,3377
1329,spaces,3378
1330,deadlines,3379
1331,labeled,3380
1332,requested,3381
1333,proxy,3382
1334,interventions,3383
1335,intercepted,3384
1336,enter,3385
1337,dependent,3386
1338,pollution,3387
1339,readable,3388
1340,indicators,3389
1341,expert,3390
1342,pest,3391
1343,extended,3392
1344,proactively,3393
1345,university,3394
1346,upgrades,3395
1347,automatic,3396
1348,contribution,3397
1349,primarily,3398
1350,left,3399
1351,evacuation,3400
1352,advances,3401
1353,variations,3402
1354,promptly,3403
1355,confidence,3404
1356,justice,3405
1357,deleted,3406
1358,thanks,3407
1359,downloading,3408
1360,indexes,3409
1361,affordable,3410
1362,trade,3411
1363,severity,3412
1364,flight,3413
1365,converted,3414
1366,struggle,3415
1367,behavioral,3416
1368,stations,3417
1369,corruption,3418
1370,regions,3419
1371,fake,3420
1372,prototype,3421
1373,insertion,3422
1374,pieces,3423
1375,headset,3424
1376,fixes,3425
1377,bits,3426
1378,migration,3427
1379,protects,3428
1380,scan,3429
1381,native,3430
1382,exposed,3431
1383,maintains,3432
1384,computation,3433
1385,introduced,3434
1386,authenticity,3435
1387,determines,3436
1388,question,3437
1389,violations,3438
1390,moved,3439
1391,resonate,3440
1392,profiles,3441
1393,instrumental,3442
1394,perspective,3443
1395,artifacts,3444
1396,interacting,3445
1397,fragmentation,3446
1398,readers,3447
1399,controller,3448
1400,simpler,3449
1401,maximize,3450
1402,lossy,3451
1403,buttons,3452
1404,emphasis,3453
1405,wans,3454
1406,purchased,3455
1407,ray,3456
1408,suppliers,3457
1409,exceptions,3458
1410,travelers,3459
1411,timelines,3460
1412,headsets,3461
1413,hinder,3462
1414,hiding,3463
1415,placement,3464
1416,oversight,3465
1417,scrum,3466
1418,lock,3467
1419,preserving,3468
1420,virus,3469
1421,schema,3470
1422,endless,3471
1423,united,3472
1424,immersion,3473
1425,few,3474
1426,brought,3475
1427,candidates,3476
1428,comfort,3477
1429,aids,3478
1430,receiver,3479
1431,lastly,3480
1432,upon,3481
1433,representing,3482
1434,logging,3483
1435,rehabilitation,3484
1436,explain,3485
1437,secret,3486
1438,exponential,3487
1439,parking,3488
1440,shorter,3489
1441,suggestions,3490
1442,imperative,3491
1443,dynamics,3492
1444,consensus,3493
1445,safeguarding,3494
1446,contracts,3495
1447,broad,3496
1448,minimum,3497
1449,interactivity,3498
1450,scenario,3499
1451,attackers,3500
1452,returns,3501
1453,holistic,3502
1454,extensively,3503
1455,default,3504
1456,adhere,3505
1457,neurons,3506
1458,legitimate,3507
1459,minimal,3508
1460,targets,3509
1461,restored,3510
1462,instagram,3511
1463,parsing,3512
1464,expression,3513
1465,musicians,3514
1466,decrease,3515
1467,environmentally,3516
1468,encompasses,3517
1469,outputs,3518
1470,corrupted,3519
1471,wired,3520
1472,portable,3521
1473,versatile,3522
1474,credentials,3523
1475,menus,3524
1476,transferring,3525
1477,injuries,3526
1478,extent,3527
1479,reliance,3528
1480,pain,3529
1481,encourage,3530
1482,per,3531
1483,pose,3532
1484,gateway,3533
1485,listening,3534
1486,traversal,3535
1487,trackers,3536
1488,router,3537
1489,safer,3538
1490,teach,3539
1491,streamlined,3540
1492,showcase,3541
1493,link,3542
1494,apart,3543
1495,faced,3544
1496,border,3545
1497,temporary,3546
1498,markets,3547
1499,collective,3548
1500,difficulty,3549
1501,journey,3550
1502,sciences,3551
1503,radio,3552
1504,instruments,3553
1505,story,3554
1506,deliverables,3555
1507,depend,3556
1508,replacing,3557
1509,outgoing,3558
1510,serverless,3559
1511,preservation,3560
1512,troubleshoot,3561
1513,captured,3562
1514,conflict,3563
1515,resulted,3564
1516,fear,3565
1517,tactics,3566
1518,anonymity,3567
1519,category,3568
1520,factorial,3569
1521,limiting,3570
1522,collaborating,3571
1523,stakeholder,3572
1524,freeing,3573
1525,extra,3574
1526,specialize,3575
1527,involvement,3576
1528,operators,3577
1529,tokenization,3578
1530,women,3579
1531,composition,3580
1532,shift,3581
1533,emerged,3582
1534,deduplication,3583
1535,express,3584
1536,taught,3585
1537,dependency,3586
1538,hub,3587
1539,textures,3588
1540,causes,3589
1541,heap,3590
1542,citizen,3591
1543,drone,3592
1544,comparison,3593
1545,phone,3594
1546,teaches,3595
1547,interviews,3596
1548,keyboards,3597
1549,modes,3598
1550,trips,3599
1551,partition,3600
1552,utilizes,3601
1553,labels,3602
1554,contact,3603
1555,isolated,3604
1556,phases,3605
1557,offerings,3606
1558,heart,3607
1559,missions,3608
1560,windows,3609
1561,grammatical,3610
1562,measuring,3611
1563,scoring,3612
1564,conclusions,3613
1565,invasion,3614
1566,overstocking,3615
1567,transactional,3616
1568,definition,3617
1569,paper,3618
1570,module,3619
1571,decrypt,3620
1572,white,3621
1573,average,3622
1574,unbiased,3623
1575,places,3624
1576,camera,3625
1577,volatile,3626
1578,losing,3627
1579,reaches,3628
1580,passing,3629
1581,mutation,3630
1582,accomplish,3631
1583,letters,3632
1584,capturing,3633
1585,procedural,3634
1586,explicit,3635
1587,modifying,3636
1588,agricultural,3637
1589,millions,3638
1590,filmmakers,3639
1591,warnings,3640
1592,chance,3641
1593,put,3642
1594,flash,3643
1595,tampered,3644
1596,farm,3645
1597,staying,3646
1598,mounted,3647
1599,mindset,3648
1600,bank,3649
1601,anti,3650
1602,reconstruction,3651
1603,ranking,3652
1604,experiment,3653
1605,inquiries,3654
1606,evolves,3655
1607,push,3656
1608,orders,3657
1609,fans,3658
1610,actionable,3659
1611,evenly,3660
1612,confusion,3661
1613,tracked,3662
1614,stacks,3663
1615,inconsistency,3664
1616,effect,3665
1617,meters,3666
1618,delay,3667
1619,employment,3668
1620,footage,3669
1621,dynamically,3670
1622,extensive,3671
1623,disclosure,3672
1624,curve,3673
1625,traceability,3674
1626,buffer,3675
1627,extreme,3676
1628,frustration,3677
1629,contexts,3678
1630,chains,3679
1631,soldiers,3680
1632,facilitated,3681
1633,displaying,3682
1634,microservices,3683
1635,crime,3684
1636,consumed,3685
1637,california,3686
1638,interpreted,3687
1639,stunning,3688
1640,active,3689
1641,operates,3690
1642,cores,3691
1643,expanding,3692
1644,autonomy,3693
1645,advent,3694
1646,viewers,3695
1647,replicating,3696
1648,profile,3697
1649,fact,3698
1650,rows,3699
1651,continually,3700
1652,discovering,3701
1653,peripherals,3702
1654,masking,3703
1655,academia,3704
1656,visible,3705
1657,man,3706
1658,automotive,3707
1659,keeps,3708
1660,documenting,3709
1661,inherit,3710
1662,appeal,3711
1663,containing,3712
1664,driver,3713
1665,resilient,3714
1666,collisions,3715
1667,manipulated,3716
1668,locks,3717
1669,fewer,3718
1670,statements,3719
1671,contingency,3720
1672,loaded,3721
1673,outline,3722
1674,motor,3723
1675,administrator,3724
1676,acquired,3725
1677,paradigms,3726
1678,proficiency,3727
1679,preprocess,3728
1680,exclusion,3729
1681,stolen,3730
1682,registers,3731
1683,held,3732
1684,chunks,3733
1685,attitudes,3734
1686,trusted,3735
1687,initiatives,3736
1688,string,3737
1689,solved,3738
1690,simplify,3739
1691,workplace,3740
1692,shortest,3741
1693,holds,3742
1694,locally,3743
1695,independence,3744
1696,refined,3745
1697,acquisition,3746
1698,complying,3747
1699,recursive,3748
1700,injury,3749
1701,procedure,3750
1702,earth,3751
1703,encrypting,3752
1704,intensity,3753
1705,gateways,3754
1706,magnetic,3755
1707,algorithmic,3756
1708,actors,3757
1709,tags,3758
1710,communications,3759
1711,render,3760
1712,lidar,3761
1713,generations,3762
1714,fraudsters,3763
1715,license,3764
1716,campaign,3765
1717,bachelor,3766
1718,meetings,3767
1719,heat,3768
1720,hospitality,3769
1721,rounded,3770
1722,consistently,3771
1723,metadata,3772
1724,proprietary,3773
1725,broadly,3774
1726,interpretability,3775
1727,clicks,3776
1728,profitable,3777
1729,ledger,3778
1730,builds,3779
1731,pool,3780
1732,entered,3781
1733,ciphertext,3782
1734,mutual,3783
1735,command,3784
1736,syntactic,3785
1737,stream,3786
1738,telecommunications,3787
1739,compressing,3788
1740,instances,3789
1741,opening,3790
1742,zero,3791
1743,avenues,3792
1744,introduction,3793
1745,validating,3794
1746,spreadsheets,3795
1747,spam,3796
1748,tester,3797
1749,pointer,3798
1750,owner,3799
1751,crisis,3800
1752,obtained,3801
1753,analyzes,3802
1754,density,3803
1755,visit,3804
1756,intercept,3805
1757,motivation,3806
1758,classifying,3807
1759,diagnostic,3808
1760,similarities,3809
1761,texture,3810
1762,icons,3811
1763,preferred,3812
1764,velocity,3813
1765,aligns,3814
1766,adaptation,3815
1767,member,3816
1768,victim,3817
1769,moral,3818
1770,demonstrate,3819
1771,outdated,3820
1772,promotions,3821
1773,clicking,3822
1774,auditory,3823
1775,loops,3824
1776,damaged,3825
1777,designer,3826
1778,fuzzy,3827
1779,sub,3828
1780,gene,3829
1781,office,3830
1782,duplication,3831
1783,merging,3832
1784,noisy,3833
1785,entrepreneurship,3834
1786,examining,3835
1787,specializations,3836
1788,acquire,3837
1789,paging,3838
1790,verified,3839
1791,resolutions,3840
1792,heavy,3841
1793,trainees,3842
1794,ground,3843
1795,familiar,3844
1796,elective,3845
1797,crash,3846
1798,included,3847
1799,demographic,3848
1800,enforce,3849
1801,register,3850
1802,pass,3851
1803,administrative,3852
1804,deviations,3853
1805,internship,3854
1806,aesthetics,3855
1807,trustworthy,3856
1808,producers,3857
1809,recommender,3858
1810,yes,3859
1811,relying,3860
1812,translated,3861
1813,tv,3862
1814,films,3863
1815,produces,3864
1816,administration,3865
1817,neutral,3866
1818,inequalities,3867
1819,patch,3868
1820,join,3869
1821,structural,3870
1822,tamper,3871
1823,swapping,3872
1824,complexities,3873
1825,reward,3874
1826,forward,3875
1827,voters,3876
1828,defect,3877
1829,centric,3878
1830,nutrition,3879
1831,typing,3880
1832,simplifies,3881
1833,precautions,3882
1834,expanded,3883
1835,clock,3884
1836,adhering,3885
1837,possess,3886
1838,repeatedly,3887
1839,pair,3888
1840,virtualized,3889
1841,surgeries,3890
1842,gas,3891
1843,scanner,3892
1844,encounter,3893
1845,traits,3894
1846,declarative,3895
1847,subjective,3896
1848,reviewed,3897
1849,estimating,3898
1850,wants,3899
1851,cues,3900
1852,surgery,3901
1853,describe,3902
1854,vertex,3903
1855,classrooms,3904
1856,evolved,3905
1857,compiled,3906
1858,fonts,3907
1859,immense,3908
1860,sequencing,3909
1861,crossover,3910
1862,valid,3911
1863,sciences,3912
1864,synchronized,3913
1865,radio,3914
1866,occurrence,3915
1867,moisture,3916
1868,assigns,3917
1869,exploratory,3918
1870,rework,3919
1871,mimicking,3920
1872,sampling,3921
1873,opt,3922
1874,equations,3923
1875,requiring,3924
1876,portion,3925
1877,aligned,3926
1878,campus,3927
1879,lights,3928
1880,resonate,3929
1881,microphone,3930
1882,harvesting,3931
1883,leaders,3932
1884,influencer,3933
1885,interacted,3934
1886,ocean,3935
1887,protein,3936
1888,concerned,3937
1889,admission,3938
1890,duration,3939
1891,hosted,3940
1892,scholarships,3941
1893,measured,3942
1894,resistant,3943
1895,template,3944
1896,funding,3945
1897,semi,3946
1898,inaccessible,3947
1899,mode,3948
1900,pixels,3949
1901,vertex,3950
1902,reveal,3951
1903,discoveries,3952
1904,sudden,3953
1905,blueprint,3954
1906,ants,3955
1907,reading,3956
1908,tamper,3957
1909,transit,3958
1910,traversal,3959
1911,electronics,3960
1912,proficiency,3961
1913,mentorship,3962
1914,ordering,3963
1915,attachments,3964
1916,repeat,3965
1917,auditory,3966
1918,discoveries,3967
1919,repeatedly,3968
1920,animals,3969
1921,stays,3970
1922,planting,3971
1923,economics,3972
1924,organizational,3973
1925,notifications,3974
1926,suit,3975
1927,category,3976
1928,proposed,3977
1929,unintended,3978
1930,inconsistent,3979
1931,descriptions,3980
1932,basket,3981
1933,classifying,3982
1934,distances,3983
1935,intermediary,3984
1936,satisfactory,3985
1937,explained,3986
1938,turned,3987
1939,election,3988
1940,bodies,3989
1941,capability,3990
1942,incorporated,3991
1943,interpreter,3992
1944,configuring,3993
1945,violation,3994
1946,planned,3995
1947,buyers,3996
1948,green,3997
1949,happen,3998
1950,seeking,3999
1951,candidate,4000
1952,tell,4001
1953,representative,4002
1954,transactional,4003
1955,multiplayer,4004
1956,telecommunication,4005
1957,psychological,4006
1958,trustworthy,4007
1959,trackers,4008
1960,susceptible,4009
1961,attribute,4010
1962,lightweight,4011
1963,coded,4012
1964,immediately,4013
1965,publish,4014
1966,seminars,4015
1967,overview,4016
1968,immune,4017
1969,architectural,4018
1970,profits,4019
1971,lifestyle,4020
1972,diagnose,4021
1973,globally,4022
1974,feasible,4023
1975,remember,4024
1976,ethernet,4025
1977,grammar,4026
1978,extended,4027
1979,extensively,4028
1980,motherboard,4029
1981,clicks,4030
1982,locally,4031
1983,trips,4032
1984,minimization,4033
1985,mice,4034
1986,yield,4035
1987,express,4036
1988,professors,4037
1989,linking,4038
1990,frames,4039
1991,appeal,4040
1992,extend,4041
1993,blocking,4042
1994,sized,4043
1995,tackle,4044
1996,webpage,4045
1997,pair,4046
1998,chains,4047
1999,transmitting,4048
2000,misinformation,4049
2001,genes,4050
2002,pos,4051
2003,preprocess,4052
2004,radar,4053
2005,avenues,4054
2006,forensic,4055
2007,accomplish,4056
2008,overstocking,4057
2009,integrates,4058
2010,synchronous,4059
2011,lifetime,4060
2012,prospects,4061
2013,possibility,4062
2014,candidate,4063
2015,possibility,4064
2016,filters,4065
2017,expansion,4066
2018,disorders,4067
2019,aviation,4068
2020,categorizing,4069
2021,outbreaks,4070
2022,owned,4071
2023,ray,4072
2024,descriptive,4073
2025,makeup,4074
2026,assumptions,4075
2027,render,4076
2028,specify,4077
2029,communications,4078
2030,genes,4079
2031,television,4080
2032,autonomously,4081
2033,aesthetics,4082
2034,pieces,4083
2035,separately,4084
2036,stand,4085
2037,retaining,4086
2038,interpretability,4087
2039,assisted,4088
2040,rays,4089
2041,compilers,4090
2042,discovered,4091
2043,sockets,4092
2044,lean,4093
2045,predetermined,4094
2046,randomly,4095
2047,necessary,4096
2048,facing,4097
